source1_entity_id	matched_entity_ids
S1-00001	S2-00044,S3-00030
S1-00002	S2-00113,S3-00061
S1-00003	S2-00004,S3-00128
S1-00004	S2-00075,S3-00041
S1-00005	S2-00126,S3-00081
S1-00006	S2-00074,S3-00116
S1-00007	S2-00031,S3-00114
S1-00008	S2-00072,S3-00057
S1-00009	S2-00087,S3-00015
S1-00010	S2-00107,S3-00107
S1-00011	S2-00098,S3-00038
S1-00012	S2-00134,S3-00005
S1-00013	S2-00120,S3-00095
S1-00014	S2-00014,S3-00126
S1-00015	S2-00051,S3-00042
S1-00016	S2-00055,S3-00097
S1-00017	S2-00125,S3-00096
S1-00018	S2-00003,S3-00124
S1-00019	S2-00111,S3-00089
S1-00020	S2-00108,S3-00075
S1-00021	S2-00020,S3-00070
S1-00022	S2-00077,S3-00059
S1-00023	S2-00037,S3-00024
S1-00024	S2-00064,S3-00060
S1-00025	S2-00058,S3-00111
S1-00026	S2-00009,S3-00088
S1-00027	S2-00002,S3-00056
S1-00028	S2-00035,S3-00013
S1-00029	S2-00038,S3-00011
S1-00030	S2-00083,S3-00001
S1-00031	S2-00086,S3-00063
S1-00032	S2-00066,S3-00012
S1-00033	S2-00025,S3-00008
S1-00034	S2-00104,S3-00122
S1-00035	S2-00041,S3-00003
S1-00036	S2-00032,S3-00101
S1-00037	S2-00084,S3-00108
S1-00038	S2-00071,S3-00055
S1-00039	S2-00150,S3-00068
S1-00040	S2-00060,S3-00028
S1-00041	S2-00093,S3-00071
S1-00042	S2-00073,S3-00072
S1-00043	S2-00122,S3-00079
S1-00044	S2-00103,S3-00092
S1-00045	S2-00033,S3-00051
S1-00046	S2-00070,S3-00021
S1-00047	S2-00043,S3-00120
S1-00048	S2-00069,S3-00093
S1-00049	S2-00139,S3-00018
S1-00050	S2-00047,S3-00106
S1-00051	S2-00100,S3-00094
S1-00052	S2-00021,S3-00118
S1-00053	S2-00110,S3-00062
S1-00054	S2-00015,S3-00020
S1-00055	S2-00028,S3-00044
S1-00056	S2-00081,S3-00125
S1-00057	S2-00117,S3-00032
S1-00058	S2-00018,S3-00104
S1-00059	S2-00114,S3-00076
S1-00060	S2-00136,S3-00016
S1-00061	S2-00106,S3-00078
S1-00062	S2-00138,S3-00029
S1-00063	S2-00091,S3-00065
S1-00064	S2-00022,S3-00048
S1-00065	S2-00124,S3-00105
S1-00066	S2-00054,S3-00086
S1-00067	S2-00042,S3-00077
S1-00068	S2-00115,S3-00064
S1-00069	S2-00095,S3-00053
S1-00070	S2-00090,S3-00006
S1-00071	S2-00053,S3-00109
S1-00072	S2-00026,S3-00112
S1-00073	S2-00024,S3-00113
S1-00074	S2-00061,S3-00129
S1-00075	S2-00027,S3-00054
S1-00076	S2-00123,S3-00009
S1-00077	S2-00016,S3-00058
S1-00078	S2-00013,S3-00087
S1-00079	S2-00030,S3-00098
S1-00080	S2-00102,S3-00100
S1-00081	S2-00092,S3-00026
S1-00082	S2-00133,S3-00014
S1-00083	S2-00140,S3-00082
S1-00084	S2-00109,S3-00066
S1-00085	S2-00068,S3-00039
S1-00086	S2-00145,S3-00074
S1-00087	S2-00096,S3-00049
S1-00088	S2-00079,S3-00099
S1-00089	S2-00146,S3-00010
S1-00090	S2-00034,S3-00052
S1-00091	S2-00040,S3-00045
S1-00092	S2-00085,S3-00067
S1-00093	S2-00112,S3-00023
S1-00094	S2-00029,S3-00121
S1-00095	S2-00046,S3-00004
S1-00096	S2-00017,S3-00046
S1-00097	S2-00142,S3-00034
S1-00098	S2-00131,S3-00119
S1-00099	S2-00137,S3-00017
S1-00100	S2-00010,S3-00073
S1-00101	S2-00105,S3-00022
S1-00102	S2-00088,S3-00050
S1-00103	S2-00056,S3-00019
S1-00104	S2-00005,S3-00040
S1-00105	S2-00039,S3-00084
S1-00106	S2-00135,S3-00007
S1-00107	S2-00052,S3-00035
S1-00108	S2-00036,S3-00043
S1-00109	S2-00118,S3-00127
S1-00110	S2-00065,S3-00090
S1-00111	S2-00067,S3-00036
S1-00112	S2-00121,S3-00091
S1-00113	S2-00006,S3-00123
S1-00114	S2-00019,S3-00031
S1-00115	S2-00149,S3-00085
S1-00116	S2-00080,S3-00083
S1-00117	S2-00141,S3-00110
S1-00118	S2-00099,S3-00115
S1-00119	S2-00049,S3-00103
S1-00120	S2-00116,S3-00117
S1-00121	S2-00119,S3-00130
S1-00122	S2-00132,S3-00037
S1-00123	S2-00008,S3-00002
S1-00124	S2-00147,S3-00080
S1-00125	S2-00048,S3-00025
S1-00126	S2-00089,S3-00027
S1-00127	S2-00128,S3-00102
S1-00128	S2-00011,S3-00033
S1-00129	S2-00076,S3-00047
S1-00130	S2-00012,S3-00069
S1-00131	S2-00063
S1-00132	S2-00097
S1-00133	S2-00062
S1-00134	S2-00082
S1-00135	S2-00001
S1-00136	S2-00057
S1-00137	S2-00130
S1-00138	S2-00148
S1-00139	S2-00094
S1-00140	S2-00143
S1-00141	S2-00078
S1-00142	S2-00144
S1-00143	S2-00050
S1-00144	S2-00045
S1-00145	S2-00007
S1-00146	S2-00101
S1-00147	S2-00127
S1-00148	S2-00023
S1-00149	S2-00059
S1-00150	S2-00129
S1-00151	
S1-00152	
S1-00153	
S1-00154	
S1-00155	
S1-00156	
S1-00157	
S1-00158	
S1-00159	
S1-00160	
S1-00161	
S1-00162	
S1-00163	
S1-00164	
S1-00165	
S1-00166	
S1-00167	
S1-00168	
S1-00169	
S1-00170	
S1-00171	
S1-00172	
S1-00173	
S1-00174	
S1-00175	
S1-00176	
S1-00177	
S1-00178	
S1-00179	
S1-00180	
S1-00181	
S1-00182	
S1-00183	
S1-00184	
S1-00185	
S1-00186	
S1-00187	
S1-00188	
S1-00189	
S1-00190	
S1-00191	
S1-00192	
S1-00193	
S1-00194	
S1-00195	
S1-00196	
S1-00197	
S1-00198	
S1-00199	
S1-00200	
