source1_entity_id	candidate_entity_ids
S1-T00001	S2-T00001,S2-T00021,S2-T00041,S3-T00001,S3-T00021,S3-T00041
S1-T00002	S2-T00002,S2-T00022,S2-T00042,S3-T00002,S3-T00022,S3-T00042
S1-T00003	S2-T00003,S2-T00023,S2-T00043,S3-T00003,S3-T00023,S3-T00043
S1-T00004	S2-T00004,S2-T00024,S2-T00044,S3-T00004,S3-T00024,S3-T00044
S1-T00005	S2-T00005,S2-T00025,S2-T00045,S3-T00005,S3-T00025,S3-T00045
S1-T00006	S2-T00006,S2-T00026,S2-T00046,S3-T00006,S3-T00026,S3-T00046
S1-T00007	S2-T00007,S2-T00027,S2-T00047,S3-T00007,S3-T00027,S3-T00047
S1-T00008	S2-T00008,S2-T00028,S2-T00048,S3-T00008,S3-T00028,S3-T00048
S1-T00009	S2-T00009,S2-T00029,S2-T00049,S3-T00009,S3-T00029,S3-T00049
S1-T00010	S2-T00010,S2-T00030,S2-T00050,S3-T00010,S3-T00030,S3-T00050
S1-T00011	S2-T00011,S2-T00031,S2-T00051,S3-T00011,S3-T00031
S1-T00012	S2-T00012,S2-T00032,S2-T00052,S3-T00012,S3-T00032
S1-T00013	S2-T00013,S2-T00033,S2-T00053,S3-T00013,S3-T00033
S1-T00014	S2-T00014,S2-T00034,S2-T00054,S3-T00014,S3-T00034
S1-T00015	S2-T00015,S2-T00035,S2-T00055,S3-T00015,S3-T00035
S1-T00016	S2-T00001,S2-T00006,S2-T00011,S2-T00016,S2-T00021,S2-T00026,S2-T00031,S2-T00036,S2-T00041,S2-T00046,S2-T00051,S3-T00001,S3-T00006,S3-T00011,S3-T00016,S3-T00021,S3-T00026,S3-T00031,S3-T00036,S3-T00041,S3-T00046
S1-T00017	S2-T00002,S2-T00007,S2-T00012,S2-T00017,S2-T00022,S2-T00027,S2-T00032,S2-T00037,S2-T00042,S2-T00047,S2-T00052,S3-T00002,S3-T00007,S3-T00012,S3-T00017,S3-T00022,S3-T00027,S3-T00032,S3-T00037,S3-T00042,S3-T00047
S1-T00018	S2-T00003,S2-T00008,S2-T00013,S2-T00018,S2-T00023,S2-T00028,S2-T00033,S2-T00038,S2-T00043,S2-T00048,S2-T00053,S3-T00003,S3-T00008,S3-T00013,S3-T00018,S3-T00023,S3-T00028,S3-T00033,S3-T00038,S3-T00043,S3-T00048
S1-T00019	S2-T00004,S2-T00009,S2-T00014,S2-T00019,S2-T00024,S2-T00029,S2-T00034,S2-T00039,S2-T00044,S2-T00049,S2-T00054,S3-T00004,S3-T00009,S3-T00014,S3-T00019,S3-T00024,S3-T00029,S3-T00034,S3-T00039,S3-T00044,S3-T00049
S1-T00020	S2-T00005,S2-T00010,S2-T00015,S2-T00020,S2-T00025,S2-T00030,S2-T00035,S2-T00040,S2-T00045,S2-T00050,S2-T00055,S3-T00005,S3-T00010,S3-T00015,S3-T00020,S3-T00025,S3-T00030,S3-T00035,S3-T00040,S3-T00045,S3-T00050
S1-T00021	S2-T00001,S2-T00021,S2-T00041,S3-T00001,S3-T00021,S3-T00041
S1-T00022	S2-T00002,S2-T00022,S2-T00042,S3-T00002,S3-T00022,S3-T00042
S1-T00023	S2-T00003,S2-T00023,S2-T00043,S3-T00003,S3-T00023,S3-T00043
S1-T00024	S2-T00004,S2-T00024,S2-T00044,S3-T00004,S3-T00024,S3-T00044
S1-T00025	S2-T00005,S2-T00025,S2-T00045,S3-T00005,S3-T00025,S3-T00045
S1-T00026	S2-T00006,S2-T00026,S2-T00046,S3-T00006,S3-T00026,S3-T00046
S1-T00027	S2-T00007,S2-T00027,S2-T00047,S3-T00007,S3-T00027,S3-T00047
S1-T00028	S2-T00008,S2-T00028,S2-T00048,S3-T00008,S3-T00028,S3-T00048
S1-T00029	S2-T00009,S2-T00029,S2-T00049,S3-T00009,S3-T00029,S3-T00049
S1-T00030	S2-T00010,S2-T00030,S2-T00050,S3-T00010,S3-T00030,S3-T00050
S1-T00031	S2-T00011,S2-T00031,S2-T00051,S3-T00011,S3-T00031
S1-T00032	S2-T00012,S2-T00032,S2-T00052,S3-T00012,S3-T00032
S1-T00033	S2-T00013,S2-T00033,S2-T00053,S3-T00013,S3-T00033
S1-T00034	S2-T00014,S2-T00034,S2-T00054,S3-T00014,S3-T00034
S1-T00035	S2-T00015,S2-T00035,S2-T00055,S3-T00015,S3-T00035
S1-T00036	S2-T00001,S2-T00006,S2-T00011,S2-T00016,S2-T00021,S2-T00026,S2-T00031,S2-T00036,S2-T00041,S2-T00046,S2-T00051,S3-T00001,S3-T00006,S3-T00011,S3-T00016,S3-T00021,S3-T00026,S3-T00031,S3-T00036,S3-T00041,S3-T00046
S1-T00037	S2-T00002,S2-T00007,S2-T00012,S2-T00017,S2-T00022,S2-T00027,S2-T00032,S2-T00037,S2-T00042,S2-T00047,S2-T00052,S3-T00002,S3-T00007,S3-T00012,S3-T00017,S3-T00022,S3-T00027,S3-T00032,S3-T00037,S3-T00042,S3-T00047
S1-T00038	S2-T00003,S2-T00008,S2-T00013,S2-T00018,S2-T00023,S2-T00028,S2-T00033,S2-T00038,S2-T00043,S2-T00048,S2-T00053,S3-T00003,S3-T00008,S3-T00013,S3-T00018,S3-T00023,S3-T00028,S3-T00033,S3-T00038,S3-T00043,S3-T00048
S1-T00039	S2-T00004,S2-T00009,S2-T00014,S2-T00019,S2-T00024,S2-T00029,S2-T00034,S2-T00039,S2-T00044,S2-T00049,S2-T00054,S3-T00004,S3-T00009,S3-T00014,S3-T00019,S3-T00024,S3-T00029,S3-T00034,S3-T00039,S3-T00044,S3-T00049
S1-T00040	S2-T00005,S2-T00010,S2-T00015,S2-T00020,S2-T00025,S2-T00030,S2-T00035,S2-T00040,S2-T00045,S2-T00050,S2-T00055,S3-T00005,S3-T00010,S3-T00015,S3-T00020,S3-T00025,S3-T00030,S3-T00035,S3-T00040,S3-T00045,S3-T00050
S1-T00041	S2-T00001,S2-T00021,S2-T00041,S3-T00001,S3-T00021,S3-T00041
S1-T00042	S2-T00002,S2-T00022,S2-T00042,S3-T00002,S3-T00022,S3-T00042
S1-T00043	S2-T00003,S2-T00023,S2-T00043,S3-T00003,S3-T00023,S3-T00043
S1-T00044	S2-T00004,S2-T00024,S2-T00044,S3-T00004,S3-T00024,S3-T00044
S1-T00045	S2-T00005,S2-T00025,S2-T00045,S3-T00005,S3-T00025,S3-T00045
S1-T00046	S2-T00006,S2-T00026,S2-T00046,S3-T00006,S3-T00026,S3-T00046
S1-T00047	S2-T00007,S2-T00027,S2-T00047,S3-T00007,S3-T00027,S3-T00047
S1-T00048	S2-T00008,S2-T00028,S2-T00048,S3-T00008,S3-T00028,S3-T00048
S1-T00049	S2-T00009,S2-T00029,S2-T00049,S3-T00009,S3-T00029,S3-T00049
S1-T00050	S2-T00010,S2-T00030,S2-T00050,S3-T00010,S3-T00030,S3-T00050
S1-T00051	S2-T00011,S2-T00031,S2-T00051,S3-T00011,S3-T00031
S1-T00052	S2-T00012,S2-T00032,S2-T00052,S3-T00012,S3-T00032
S1-T00053	S2-T00013,S2-T00033,S2-T00053,S3-T00013,S3-T00033
S1-T00054	S2-T00014,S2-T00034,S2-T00054,S3-T00014,S3-T00034
S1-T00055	S2-T00015,S2-T00035,S2-T00055,S3-T00015,S3-T00035
S1-T00056	S2-T00001,S2-T00006,S2-T00011,S2-T00016,S2-T00021,S2-T00026,S2-T00031,S2-T00036,S2-T00041,S2-T00046,S2-T00051,S3-T00001,S3-T00006,S3-T00011,S3-T00016,S3-T00021,S3-T00026,S3-T00031,S3-T00036,S3-T00041,S3-T00046
S1-T00057	S2-T00002,S2-T00007,S2-T00012,S2-T00017,S2-T00022,S2-T00027,S2-T00032,S2-T00037,S2-T00042,S2-T00047,S2-T00052,S3-T00002,S3-T00007,S3-T00012,S3-T00017,S3-T00022,S3-T00027,S3-T00032,S3-T00037,S3-T00042,S3-T00047
S1-T00058	S2-T00003,S2-T00008,S2-T00013,S2-T00018,S2-T00023,S2-T00028,S2-T00033,S2-T00038,S2-T00043,S2-T00048,S2-T00053,S3-T00003,S3-T00008,S3-T00013,S3-T00018,S3-T00023,S3-T00028,S3-T00033,S3-T00038,S3-T00043,S3-T00048
S1-T00059	S2-T00004,S2-T00009,S2-T00014,S2-T00019,S2-T00024,S2-T00029,S2-T00034,S2-T00039,S2-T00044,S2-T00049,S2-T00054,S3-T00004,S3-T00009,S3-T00014,S3-T00019,S3-T00024,S3-T00029,S3-T00034,S3-T00039,S3-T00044,S3-T00049
S1-T00060	S2-T00005,S2-T00010,S2-T00015,S2-T00020,S2-T00025,S2-T00030,S2-T00035,S2-T00040,S2-T00045,S2-T00050,S2-T00055,S3-T00005,S3-T00010,S3-T00015,S3-T00020,S3-T00025,S3-T00030,S3-T00035,S3-T00040,S3-T00045,S3-T00050
